"des","cat"
"Abaniquería","H"
"Abaniquería - Ciclos Formativos de Artes Plásticas y Diseño de Grado Medio - LOGSE","H"
"Acabados de Construcción","F"
"Acabados de Construcción - Ciclos Formativos de Formación Profesional de Grado Medio (LOGSE)","F"
"Acceso a Ciclos Formativos de F.P. de Grado Medio","F"
"Aceites de Oliva y Vinos","F"
"Aceites de Oliva y Vinos - Ciclos Formativos de Formación Profesional de Grado Medio (LOE)","F"
"Acordeón","H"
"Acordeón - Enseñanzas de Música de Grado Elemental - LOGSE","H"
"Acordeón - Enseñanzas de Música de Grado Medio - LOGSE","H"
"Acordeón - Enseñanzas de Música de Grado Superior - LOGSE","H"
"Acordeón - Música Grado Elemental (LOE)","H"
"Acordeón - Música Grado Profesional (LOE)","H"
"Actividades Agropecuarias","F"
"Actividades Agropecuarias - Ciclos Formativos de Formación Profesional Básica","F"
"Actividades Comerciales","F"
"Actividades Comerciales - Ciclos Formativos de Formación Profesional de Grado Medio (LOE)","F"
"Actividades de la Danza-Enseñanzas no Regladas","H"
"Actividades Marítimo-Pesqueras","H"
"Actividades Marítimo-Pesqueras - Ciclos Formativos de Formación Profesional Básica","F"
"Actividades musicales-Enseñanzas no Regladas","H"
"Acuicultura","F"
"Acuicultura - Ciclos Formativos de Formación Profesional de Grado Superior (LOE)","F"
"Administración de Sistemas Informáticos","F"
"Administración de Sistemas Informáticos - Ciclos Formativos de Formación Profesional de Grado Superior (LOGSE)","F"
"Administración de Sistemas Informáticos en Red","F"
"Administración de Sistemas Informáticos en Red - Ciclos Formativos de Formación Profesional de Grado Superior (LOE)","F"
"Administración y Finanzas","F"
"Administración y Finanzas - Ciclos Formativos de Formación Profesional de Grado Superior (LOE)","F"
"Administración y Finanzas - Ciclos Formativos de Formación Profesional de Grado Superior (LOGSE)","F"
"Agencias de Viajes","F"
"Agencias de Viajes - Ciclos Formativos de Formación Profesional de Grado Superior (LOGSE)","F"
"Agencias de Viajes y Gestión de Eventos","F"
"Agencias de Viajes y Gestión de Eventos - Ciclos Formativos de Formación Profesional de Grado Superior (LOE)","F"
"Agro-jardinería y composiciones florales","H"
"Agro-jardinería y composiciones florales - Ciclos Formativos de Formación Profesional Básica","F"
"Alemán","I"
"Alemán - Idiomas Nivel C1 (LOE)","I"
"Alemán - Idiomas Nivel C2 (LOE)","I"
"Alemán Nivel Avanzado","I"
"Alemán Nivel Avanzado - Idiomas Nivel Avanzado (LOE)","I"
"Alemán Nivel Básico","I"
"Alemán Nivel Básico - Idiomas Nivel Básico (LOE)","I"
"Alemán Nivel Intermedio","I"
"Alemán Nivel Intermedio - Idiomas Nivel Intermedio (LOE)","I"
"Alfarería","H"
"Alfarería - Ciclos Formativos de Artes Plásticas y Diseño de Grado Medio - LOGSE","H"
"Alfarería - Ciclos Formativos de Artes Plásticas y Diseño. Grado Medio. (LOE)","H"
"Alojamiento","F"
"Alojamiento - Ciclos Formativos de Formación Profesional de Grado Superior (LOGSE)","F"
"Alojamiento y Lavandería","F"
"Alojamiento y Lavandería - Ciclos Formativos de Formación Profesional Básica","F"
"Alta Montaña","H"
"Alta Montaña - Enseñanzas Deportivas de Grado Medio (LOGSE)","H"
"Alta Montaña - Enseñanzas Deportivas de Grado Superior (LOGSE)","H"
"Amueblamiento","H"
"Amueblamiento - Ciclos Formativos de Artes Plásticas y Diseño de Grado Superior - LOGSE","H"
"Análisis y Control","F"
"Análisis y Control - Ciclos Formativos de Formación Profesional de Grado Superior (LOGSE)","F"
"Anatomía Patológica y Citología","F"
"Anatomía Patológica y Citología - Ciclos Formativos de Formación Profesional de Grado Superior (LOGSE)","F"
"Animación","H"
"Animación - Ciclos Formativos de Artes Plásticas y Diseño. Grado Superior (LOE)","H"
"Animación de Actividades Físicas y Deportivas","H"
"Animación de Actividades Físicas y Deportivas - Ciclos Formativos de Formación Profesional de Grado Superior (LOGSE)","H"
"Animaciones 3D, Juegos y Entornos Interactivos","F"
"Animaciones 3D, Juegos y Entornos Interactivos - Ciclos Formativos de Formación Profesional de Grado Superior (LOE)","F"
"Animación Socio-Cultural","H"
"Animación Socio-Cultural - Ciclos Formativos de Formación Profesional de Grado Superior (LOGSE)","F"
"Animación Sociocultural y Turística","F"
"Animación Sociocultural y Turística - Ciclos Formativos de Formación Profesional de Grado Superior (LOE)","F"
"Animación Turística","F"
"Animación Turística - Ciclos Formativos de Formación Profesional de Grado Superior (LOGSE)","F"
"Aprovechamientos Forestales","F"
"Aprovechamientos Forestales - Ciclos Formativos de Formación Profesional Básica","F"
"Aprovechamiento y Conservación del Medio Natural","F"
"Aprovechamiento y Conservación del Medio Natural - Ciclos Formativos de Formación Profesional de Grado Medio (LOE)","F"
"Árabe","I"
"Árabe - Idiomas Nivel C1 (LOE)","I"
"Árabe - Idiomas Nivel C2 (LOE)","I"
"Árabe Nivel Avanzado","I"
"Árabe Nivel Avanzado - Idiomas Nivel Avanzado (LOE)","I"
"Árabe Nivel Básico","I"
"Árabe Nivel Básico - Idiomas Nivel Básico (LOE)","I"
"Árabe Nivel Intermedio","I"
"Árabe Nivel Intermedio - Idiomas Nivel Intermedio (LOE)","I"
"Arpa","H"
"Arpa - Enseñanzas de Música de Grado Elemental - LOGSE","H"
"Arpa - Enseñanzas de Música de Grado Medio - LOGSE","H"
"Arpa - Enseñanzas de Música de Grado Superior - LOGSE","H"
"Arpa - Música Grado Elemental (LOE)","H"
"Arpa - Música Grado Profesional (LOE)","H"
"Arquitectura Efímera","H"
"Arquitectura Efímera - Ciclos Formativos de Artes Plásticas y Diseño de Grado Superior - LOGSE","H"
"Arreglo y reparación de artículos textiles y de piel","F"
"Arreglo y reparación de artículos textiles y de piel - Ciclos Formativos de Formación Profesional Básica","F"
"Artefinal de Diseño Gráfico","H"
"Artefinal de Diseño Gráfico - Ciclos Formativos de Artes Plásticas y Diseño de Grado Medio - LOGSE","H"
"Arte floral","H"
"Arte floral - Ciclos Formativos de Artes Plásticas y Diseño de Grado Superior - LOGSE","H"
"Artesanía de Complementos de Cuero","H"
"Artesanía de Complementos de Cuero - Ciclos Formativos de Artes Plásticas y Diseño de Grado Medio - LOGSE","H"
"Artesanía en Cuero","H"
"Artesanía en Cuero - Ciclos Formativos de Artes Plásticas y Diseño de Grado Medio - LOGSE","H"
"Artes Aplicadas al Muro","H"
"Artes Aplicadas al Muro - Ciclos Formativos de Artes Plásticas y Diseño de Grado Superior - LOGSE","H"
"Artes aplicadas de la escultura","H"
"Artes aplicadas de la escultura - Ciclos Formativos de Artes Plásticas y Diseño de Grado Superior - LOGSE","H"
"Artes aplicadas de la madera","H"
"Artes aplicadas de la madera - Ciclos Formativos de Artes Plásticas y Diseño de Grado Superior - LOGSE","H"
"Artes aplicadas de la piedra","H"
"Artes aplicadas de la piedra - Ciclos Formativos de Artes Plásticas y Diseño de Grado Superior - LOGSE","H"
"Artes aplicadas del metal","H"
"Artes aplicadas del metal - Ciclos Formativos de Artes Plásticas y Diseño de Grado Superior - LOGSE","H"
"Artes Gráficas","F"
"Artes Gráficas - Ciclos Formativos de Formación Profesional Básica","F"
"Arte Textil","H"
"Arte Textil - Ciclos Formativos de Artes Plásticas y Diseño de Grado Superior - LOGSE","H"
"Artista Fallero y Construcción de Escenografías","F"
"Artista Fallero y Construcción de Escenografías - Ciclos Formativos de Formación Profesional de Grado Superior (LOE)","F"
"Asesoría de Imagen Personal","F"
"Asesoría de Imagen Personal - Ciclos Formativos de Formación Profesional de Grado Superior (LOGSE)","F"
"Asesoría de Imagen Personal y Corporativa","F"
"Asesoría de Imagen Personal y Corporativa - Ciclos Formativos de Formación Profesional de Grado Superior (LOE)","F"
"Asistencia a la Dirección","F"
"Asistencia a la Dirección - Ciclos Formativos de Formación Profesional de Grado Superior (LOE)","F"
"Asistencia al Producto Gráfico Impreso","H"
"Asistencia al Producto Gráfico Impreso - Ciclos Formativos de Artes Plásticas y Diseño. Grado Medio. (LOE)","H"
"Asistencia al Producto Gráfico Interactivo","H"
"Asistencia al Producto Gráfico Interactivo - Ciclos Formativos de Artes Plásticas y Diseño. Grado Medio. (LOE)","H"
"Atención a Personas en Situación de Dependencia","F"
"Atención a Personas en Situación de Dependencia - Ciclos Formativos de Formación Profesional de Grado Medio (LOE)","F"
"Atención Sociosanitaria","F"
"Atención Sociosanitaria - Ciclos Formativos de Formación Profesional de Grado Medio (LOGSE)","F"
"Atletismo","H"
"Atletismo - Enseñanzas Deportivas de Grado Medio (LOE)","H"
"Atletismo - Enseñanzas Deportivas de Grado Medio (LOGSE)","H"
"Atletismo - Enseñanzas Deportivas de Grado Superior (LOGSE)","H"
"Audiología Protésica","F"
"Audiología Protésica - Ciclos Formativos de Formación Profesional de Grado Superior (LOE)","F"
"Autoedición","H"
"Autoedición - Ciclos Formativos de Artes Plásticas y Diseño de Grado Medio - LOGSE","H"
"Automatización y Robótica Industrial","F"
"Automatización y Robótica Industrial - Ciclos Formativos de Formación Profesional de Grado Superior (LOE)","F"
"Automoción","F"
"Automoción - Ciclos Formativos de Formación Profesional de Grado Superior (LOE)","F"
"Automoción - Ciclos Formativos de Formación Profesional de Grado Superior (LOGSE)","F"
"Bachibac: Artes Plásticas, Imagen y Diseño","E"
"Bachibac: Ciencias y Tecnología","E"
"Bachibac: Humanidades y Ciencias Sociales","E"
"Bachillerato de Artes","E"
"Bachillerato de Artes escénicas, música y danza","E"
"Bachillerato de Artes para Adultos","G"
"Bachillerato de Artes plásticas, imagen y diseño","E"
"Bachillerato de Artes Plásticas, Imagen y Diseño para Adultos","G"
"Bachillerato de Ciencias y Tecnología","E"
"Bachillerato de Ciencias y Tecnología para Adultos","G"
"Bachillerato de Humanidades y Ciencias Sociales","E"
"Bachillerato de Humanidades y Ciencias Sociales para Adultos","G"
"Bachillerato de Planes Extranjeros","E"
"Bachillerato Genérico","E"
"Bachillerato Internacional","E"
"Baile Flamenco","H"
"Bajo eléctrico","H"
"Bajo Eléctrico","H"
"Bajo Eléctrico - Música Grado Elemental (LOE)","H"
"Bajo eléctrico - Música Grado Profesional (LOE)","H"
"Baloncesto","H"
"Baloncesto - Enseñanzas Deportivas de Grado Medio (LOGSE)","H"
"Baloncesto - Enseñanzas Deportivas de Grado Superior (LOGSE)","H"
"Balonmano","H"
"Balonmano - Enseñanzas Deportivas de Grado Medio (LOGSE)","H"
"Balonmano - Enseñanzas Deportivas de Grado Superior (LOGSE)","H"
"Barrancos","H"
"Barrancos - Enseñanzas Deportivas de Grado Medio (LOGSE)","H"
"Bienes Arqueológicos","H"
"Bordados","H"
"Bordados - Ciclos Formativos de Artes Plásticas y Diseño de Grado Medio - LOGSE","H"
"Buceo a Media Profundidad","F"
"Buceo a Media Profundidad - Ciclos Formativos de Formación Profesional de Grado Medio (LOGSE)","F"
"Buceo deportivo con escafandra autónoma","H"
"Buceo deportivo con escafandra autónoma - Enseñanzas Deportivas de Grado Medio (LOE)","H"
"Calzado y Complementos de Moda","F"
"Calzado y Complementos de Moda - Ciclos Formativos de Formación Profesional de Grado Medio (LOE)","F"
"Cante flamenco","H"
"Cante flamenco - Música Grado Profesional (LOE)","H"
"Canto","H"
"Canto - Enseñanzas de Música de Grado Medio - LOGSE","H"
"Canto - Enseñanzas de Música de Grado Superior - LOGSE","H"
"Canto - Música Grado Elemental (LOE)","H"
"Canto - Música Grado Profesional (LOE)","H"
"Caracterización","F"
"Caracterización - Ciclos Formativos de Formación Profesional de Grado Medio (LOGSE)","F"
"Caracterización y Maquillaje Profesional","F"
"Caracterización y Maquillaje Profesional - Ciclos Formativos de Formación Profesional de Grado Superior (LOE)","F"
"Carpintería y mueble","F"
"Carpintería y Mueble","F"
"Carpintería y mueble - Ciclos Formativos de Formación Profesional Básica","F"
"Carpintería y Mueble - Ciclos Formativos de Formación Profesional de Grado Medio (LOE)","F"
"Carrocería","F"
"Carrocería - Ciclos Formativos de Formación Profesional de Grado Medio (LOE)","F"
"Carrocería - Ciclos Formativos de Formación Profesional de Grado Medio (LOGSE)","F"
"Catalán Nivel Avanzado","I"
"Catalán Nivel Avanzado - Idiomas Nivel Avanzado (LOE)","I"
"Catalán Nivel Básico","I"
"Catalán Nivel Básico - Idiomas Nivel Básico (LOE)","I"
"Catalán  Nivel Intermedio","I"
"Catalán  Nivel Intermedio - Idiomas Nivel Intermedio (LOE)","I"
"Cerámica","H"
"Cerámica Artística","H"
"Cerámica Artística - Ciclos Formativos de Artes Plásticas y Diseño de Grado Superior - LOGSE","H"
"Cerámica Artística - Ciclos Formativos de Artes Plásticas y Diseño. Grado Superior (LOE)","H"
"Chino","I"
"Chino - Idiomas Nivel C1 (LOE)","I"
"Chino Nivel Avanzado","I"
"Chino Nivel Avanzado - Idiomas Nivel Avanzado (LOE)","I"
"Chino Nivel Básico","I"
"Chino Nivel Básico - Idiomas Nivel Básico (LOE)","I"
"Chino Nivel Intermedio","I"
"Chino Nivel Intermedio - Idiomas Nivel Intermedio (LOE)","I"
"Clarinete","H"
"Clarinete - Enseñanzas de Música de Grado Elemental - LOGSE","H"
"Clarinete - Enseñanzas de Música de Grado Medio - LOGSE","H"
"Clarinete - Enseñanzas de Música de Grado Superior - LOGSE","H"
"Clarinete - Música Grado Elemental (LOE)","H"
"Clarinete - Música Grado Profesional (LOE)","H"
"Clave","H"
"Clave - Enseñanzas de Música de Grado Elemental - LOGSE","H"
"Clave - Enseñanzas de Música de Grado Medio - LOGSE","H"
"Clave - Enseñanzas de Música de Grado Superior - LOGSE","H"
"Clave - Música Grado Elemental (LOE)","H"
"Clave - Música Grado Profesional (LOE)","H"
"Cocina","F"
"Cocina - Ciclos Formativos de Formación Profesional de Grado Medio (LOGSE)","F"
"Cocina y Gastronomía","F"
"Cocina y Gastronomía - Ciclos Formativos de Formación Profesional de Grado Medio (LOE)","F"
"Cocina y restauración","F"
"Cocina y restauración - Ciclos Formativos de Formación Profesional Básica","F"
"Comercio","F"
"Comercio - Ciclos Formativos de Formación Profesional de Grado Medio (LOGSE)","F"
"Comercio Internacional","F"
"Comercio Internacional - Ciclos Formativos de Formación Profesional de Grado Superior (LOE)","F"
"Comercio Internacional - Ciclos Formativos de Formación Profesional de Grado Superior (LOGSE)","F"
"Cómic","H"
"Cómic - Ciclos Formativos de Artes Plásticas y Diseño. Grado Superior (LOE)","H"
"Composición","H"
"Composición - Enseñanzas de Música de Grado Superior - LOGSE","H"
"Composición - Estudios Superiores de Música (LOE)","H"
"Conducción de Actividades Físico-Deportivas en el Medio Natural","H"
"Conducción de Actividades Físico-Deportivas en el Medio Natural - Ciclos Formativos de Formación Profesional de Grado Medio (LOGSE)","H"
"Conducción de Vehículos de Transporte por Carretera","F"
"Conducción de Vehículos de Transporte por Carretera - Ciclos Formativos de Formación Profesional de Grado Medio (LOE)","F"
"Confección","F"
"Confección - Ciclos Formativos de Formación Profesional de Grado Medio (LOGSE)","F"
"Confección y Moda","F"
"Confección y Moda - Ciclos Formativos de Formación Profesional de Grado Medio (LOE)","F"
"Conservación y Restauración de Arqueología","H"
"Conservación y Restauración de Arqueología - Estudios Superiores de Artes Plásticas y Diseño - LOGSE","H"
"Conservación y Restauración de Documento Gráfico","H"
"Conservación y Restauración de Documento Gráfico - Estudios Superiores de Artes Plásticas y Diseño - LOGSE","H"
"Conservación y Restauración de Escultura","H"
"Conservación y Restauración de Escultura - Estudios Superiores de Artes Plásticas y Diseño - LOGSE","H"
"Conservación y Restauración de Pintura","H"
"Conservación y Restauración de Pintura - Estudios Superiores de Artes Plásticas y Diseño - LOGSE","H"
"Conservación y Restauración de Textiles","H"
"Conservación y Restauración de Textiles - Estudios Superiores de Artes Plásticas y Diseño - LOGSE","H"
"Conservería Vegetal, Cárnica y de Pescado","F"
"Conservería Vegetal, Cárnica y de Pescado - Ciclos Formativos de Formación Profesional de Grado Medio (LOGSE)","F"
"Construcción","F"
"Construcción - Ciclos Formativos de Formación Profesional de Grado Medio (LOE)","F"
"Construcciones Metálicas","F"
"Construcciones Metálicas - Ciclos Formativos de Formación Profesional de Grado Superior (LOE)","F"
"Construcciones Metálicas - Ciclos Formativos de Formación Profesional de Grado Superior (LOGSE)","F"
"Contrabajo","H"
"Contrabajo - Enseñanzas de Música de Grado Elemental - LOGSE","H"
"Contrabajo - Enseñanzas de Música de Grado Medio - LOGSE","H"
"Contrabajo - Enseñanzas de Música de Grado Superior - LOGSE","H"
"Contrabajo - Música Grado Elemental (LOE)","H"
"Contrabajo - Música Grado Profesional (LOE)","H"
"Coreografía e Interpretación","H"
"Coreografía e Interpretación - Estudios Superiores de Danza (LOE)","H"
"Coreografía y Técnicas de Interpretación de la Danza","H"
"Coreografía y Técnicas de Interpretación de la Danza - Enseñanzas de Danza de Grado Superior - LOGSE","H"
"Cuidados Auxiliares de Enfermería","F"
"Cuidados Auxiliares de Enfermería - Ciclos Formativos de Formación Profesional de Grado Medio (LOGSE)","F"
"Cultivos Acuícolas","F"
"Cultivos Acuícolas - Ciclos Formativos de Formación Profesional de Grado Medio (LOE)","F"
"Curso de acceso a Ciclos Formativos de F.P. de Grado Superior","F"
"Curso de Acceso a los Ciclos Formativos de Grado Medio","H"
"Curso de acceso a los Ciclos Formativos de Grado Superior","H"
"Cursos no formales","H"
"Danés Nivel Avanzado","I"
"Danés Nivel Avanzado - Idiomas Nivel Avanzado (LOE)","I"
"Danés Nivel Básico","I"
"Danés Nivel Básico - Idiomas Nivel Básico (LOE)","I"
"Danés Nivel Intermedio","I"
"Danés Nivel Intermedio - Idiomas Nivel Intermedio (LOE)","I"
"Danza Clásica","H"
"Danza Clásica - Enseñanzas de Danza de Grado Medio - LOGSE","H"
"Danza Contemporánea","H"
"Danza Contemporánea - Enseñanzas de Danza de Grado Medio - LOGSE","H"
"Danza Elemental","H"
"Danza Elemental - Enseñanzas de Danza de Grado Elemental - LOGSE","H"
"Danza Española","H"
"Danza Española - Enseñanzas de Danza de Grado Medio - LOGSE","H"
"Decoración Cerámica","H"
"Decoración Cerámica - Ciclos Formativos de Artes Plásticas y Diseño de Grado Medio - LOGSE","H"
"Decoración Cerámica - Ciclos Formativos de Artes Plásticas y Diseño. Grado Medio. (LOE)","H"
"Desarrollo de Aplicaciones Informáticas","F"
"Desarrollo de Aplicaciones Informáticas - Ciclos Formativos de Formación Profesional de Grado Superior (LOGSE)","F"
"Desarrollo de Aplicaciones Multiplataforma","F"
"Desarrollo de Aplicaciones Multiplataforma - Ciclos Formativos de Formación Profesional de Grado Superior (LOE)","F"
"Desarrollo de Aplicaciones Web","F"
"Desarrollo de Aplicaciones Web - Ciclos Formativos de Formación Profesional de Grado Superior (LOE)","F"
"Desarrollo de Productos Electrónicos","F"
"Desarrollo de Productos Electrónicos - Ciclos Formativos de Formación Profesional de Grado Superior (LOGSE)","F"
"Desarrollo de Productos en Carpintería y Mueble","F"
"Desarrollo de Productos en Carpintería y Mueble - Ciclos Formativos de Formación Profesional de Grado Superior (LOGSE)","F"
"Desarrollo de Proyectos de Instalaciones de Fluidos, Térmicas y de Manutención","F"
"Desarrollo de Proyectos de Instalaciones de Fluidos, Térmicas y de Manutención - Ciclos Formativos de Formación Profesional de Grado Superior (LOGSE)","F"
"Desarrollo de Proyectos de Instalaciones Térmicas y de Fluidos","F"
"Desarrollo de Proyectos de Instalaciones Térmicas y de Fluidos - Ciclos Formativos de Formación Profesional de Grado Superior (LOE)","F"
"Desarrollo de Proyectos Mecánicos","F"
"Desarrollo de Proyectos Mecánicos - Ciclos Formativos de Formación Profesional de Grado Superior (LOGSE)","F"
"Desarrollo de Proyectos Urbanísticos y Operaciones Topográficas","F"
"Desarrollo de Proyectos Urbanísticos y Operaciones Topográficas - Ciclos Formativos de Formación Profesional de Grado Superior (LOGSE)","F"
"Desarrollo y Aplicación de Proyectos de Construcción","F"
"Desarrollo y Aplicación de Proyectos de Construcción - Ciclos Formativos de Formación Profesional de Grado Superior (LOGSE)","F"
"Desarrollo y Fabricación de Productos Cerámicos","F"
"Desarrollo y Fabricación de Productos Cerámicos - Ciclos Formativos de Formación Profesional de Grado Superior (LOE)","F"
"Dietética","F"
"Dietética - Ciclos Formativos de Formación Profesional de Grado Superior (LOGSE)","F"
"Dirección","H"
"Dirección de Cocina","F"
"Dirección de Cocina - Ciclos Formativos de Formación Profesional de Grado Superior (LOE)","F"
"Dirección de Coro","H"
"Dirección de Coro - Enseñanzas de Música de Grado Superior - LOGSE","H"
"Dirección de Escena","H"
"Dirección de Escena - Enseñanzas Superiores de Arte Dramático - LOGSE","H"
"Dirección de Orquesta","H"
"Dirección de Orquesta - Enseñanzas de Música de Grado Superior - LOGSE","H"
"Dirección de Servicios en Restauración","F"
"Dirección de Servicios en Restauración - Ciclos Formativos de Formación Profesional de Grado Superior (LOE)","F"
"Dirección: Dirección de Coro","H"
"Dirección: Dirección de Coro - Estudios Superiores de Música (LOE)","H"
"Dirección: Dirección de Orquesta","H"
"Dirección: Dirección de Orquesta - Estudios Superiores de Música (LOE)","H"
"Dirección Escénica y Dramaturgia","H"
"Dirección Escénica y Dramaturgia - Estudios Superiores de Arte Dramático (LOE)","H"
"Dirección - Estudios Superiores de Música (LOE)","H"
"Disciplinas Hípicas de Resistencia, Orientación y Turismo Ecuestre","H"
"Disciplinas Hípicas de Resistencia, Orientación y Turismo Ecuestre - Enseñanzas Deportivas de Grado Medio (LOE)","H"
"Disciplinas Hípicas de Salto, Doma y Concurso Completo","H"
"Disciplinas Hípicas de Salto, Doma y Concurso Completo - Enseñanzas Deportivas de Grado Medio (LOE)","H"
"Diseño de Interiores","H"
"Diseño de Interiores - Estudios Superiores de Artes Plásticas y Diseño - LOGSE","H"
"Diseño de Moda","H"
"Diseño de Moda - Estudios Superiores de Artes Plásticas y Diseño - LOGSE","H"
"Diseño de Producto","H"
"Diseño de Productos","H"
"Diseño de Productos - Estudios Superiores de Artes Plásticas y Diseño - LOGSE","H"
"Diseño en Fabricación Mecánica","F"
"Diseño en Fabricación Mecánica - Ciclos Formativos de Formación Profesional de Grado Superior (LOE)","F"
"Diseño Gráfico","H"
"Diseño Gráfico - Estudios Superiores de Artes Plásticas y Diseño - LOGSE","H"
"Diseño Técnico en Textil y Piel","F"
"Diseño Técnico en Textil y Piel - Ciclos Formativos de Formación Profesional de Grado Superior (LOE)","F"
"Diseño y Amueblamiento","F"
"Diseño y Amueblamiento - Ciclos Formativos de Formación Profesional de Grado Superior (LOE)","F"
"Diseño y Edición de Publicaciones Impresas y Multimedia","F"
"Diseño y Edición de Publicaciones Impresas y Multimedia - Ciclos Formativos de Formación Profesional de Grado Superior (LOE)","F"
"Diseño  y Producción de Calzado y Complementos","F"
"Diseño  y Producción de Calzado y Complementos - Ciclos Formativos de Formación Profesional de Grado Superior (LOE)","F"
"Diseño y Producción Editorial","F"
"Diseño y Producción Editorial - Ciclos Formativos de Formación Profesional de Grado Superior (LOGSE)","F"
"Doble: Instalaciones de Producción de Calor - Instalaciones Frigoríficas y de Climatización","H"
"Doble: Instalaciones de Producción de Calor - Instalaciones Frigoríficas y de Climatización - Ciclos Formativos de Formación Profesional de Grado Medio (LOE)","F"
"Documentación Sanitaria","F"
"Documentación Sanitaria - Ciclos Formativos de Formación Profesional de Grado Superior (LOGSE)","F"
"Documento Gráfico","H"
"Dorado y Policromía Artísticos","H"
"Dorado y Policromía Artísticos - Ciclos Formativos de Artes Plásticas y Diseño de Grado Medio - LOGSE","H"
"Dramaturgia","H"
"Dramaturgia - Enseñanzas Superiores de Arte Dramático - LOGSE","H"
"Dulzaina","H"
"Dulzaina - Música Grado Elemental (LOE)","H"
"Dulzaina - Música Grado Profesional (LOE)","H"
"Ebanistería Artística","H"
"Ebanistería Artística - Ciclos Formativos de Artes Plásticas y Diseño de Grado Medio - LOGSE","H"
"Edición de Arte","H"
"Edición de Arte - Ciclos Formativos de Artes Plásticas y Diseño de Grado Superior - LOGSE","H"
"Educación Básica Obligatoria para Alumnos con Necesidades Educativas Especiales","C"
"Educación Especial - Aprendizaje de Tareas","C"
"Educación Especial (Inespecífica)","C"
"Educación Infantil","F"
"Educación Infantil - Ciclos Formativos de Formación Profesional de Grado Superior (LOGSE)","F"
"Educación Infantil (Formación Profesional)","F"
"Educación Infantil (Formación Profesional) - Ciclos Formativos de Formación Profesional de Grado Superior (LOE)","F"
"Educación Infantil para Alumnos con Necesidades Educativas Especiales (A.N.E.E.)","C"
"Educación Infantil (Primer Ciclo )","A"
"Educación Infantil (Segundo Ciclo )","A"
"Educación Primaria","B"
"Educación Primaria (LOMCE)","B"
"Educación Secundaria Obligatoria","D"
"Educación Secundaria para Personas Adultas","G"
"Educación Secundaria para Personas Adultas - Educación Secundaria para Personas Adultas (LOE)","G"
"Educación y Control Ambiental","F"
"Educación y Control Ambiental - Ciclos Formativos de Formación Profesional de Grado Superior (LOE)","F"
"Eficiencia Energética y Energía Solar Térmica","F"
"Eficiencia Energética y Energía Solar Térmica - Ciclos Formativos de Formación Profesional de Grado Superior (LOE)","F"
"Elaboración de Productos Alimenticios","F"
"Elaboración de Productos Alimenticios - Ciclos Formativos de Formación Profesional de Grado Medio (LOE)","F"
"Elaboración de Vinos y otras Bebidas","F"
"Elaboración de Vinos y otras Bebidas - Ciclos Formativos de Formación Profesional de Grado Medio (LOGSE)","F"
"Elaboración d Productos Lácteos","F"
"Elaboración d Productos Lácteos - Ciclos Formativos de Formación Profesional de Grado Medio (LOGSE)","F"
"Electricidad y electrónica","F"
"Electricidad y electrónica - Ciclos Formativos de Formación Profesional Básica","F"
"Electromecánica de Maquinaria","F"
"Electromecánica de Maquinaria - Ciclos Formativos de Formación Profesional de Grado Medio (LOE)","F"
"Electromecánica de Vehículos","F"
"Electromecánica de Vehículos Automóviles","F"
"Electromecánica de Vehículos Automóviles - Ciclos Formativos de Formación Profesional de Grado Medio (LOE)","F"
"Electromecánica de Vehículos - Ciclos Formativos de Formación Profesional de Grado Medio (LOGSE)","F"
"Elementos de Jardín","H"
"Elementos de Jardín - Ciclos Formativos de Artes Plásticas y Diseño de Grado Superior - LOGSE","H"
"Emergencias Sanitarias","F"
"Emergencias Sanitarias - Ciclos Formativos de Formación Profesional de Grado Medio (LOE)","F"
"Encuadernación Artística","H"
"Encuadernación Artística - Ciclos Formativos de Artes Plásticas y Diseño de Grado Superior - LOGSE","H"
"Encuadernación y Manipulados de Papel y Cartón","F"
"Encuadernación y Manipulados de Papel y Cartón - Ciclos Formativos de Formación Profesional de Grado Medio (LOGSE)","F"
"Energías Renovables","F"
"Energías Renovables - Ciclos Formativos de Formación Profesional de Grado Superior (LOE)","F"
"Enseñanza de cualificación profesional inicial de la familia de arte floral","H"
"Enseñanza Elemental de Danza: Básica","H"
"Enseñanza Elemental de Danza: Básica - Danza Grado Elemental (LOE)","H"
"Enseñanza Elemental de Danza: Iniciación","H"
"Enseñanza Elemental de Danza: Iniciación - Danza Grado Elemental (LOE)","H"
"Enseñanza Elemental de Música: Iniciación","H"
"Enseñanza Elemental de Música: Iniciación - Música Grado Elemental (LOE)","H"
"Enseñanzas de Adaptación para Inmigrantes","H"
"Enseñanzas de Adaptación para Inmigrantes - Enseñanzas de Adaptación para Inmigrantes","H"
"Enseñanzas de cualificación profesional inicial de la familia actividades físicas y deportivas","H"
"Enseñanzas de cualificación profesional inicial de la familia administración y gestión","H"
"Enseñanzas de cualificación profesional inicial de la familia agraria","H"
"Enseñanzas de cualificación profesional inicial de la familia artes gráficas","H"
"Enseñanzas de cualificación profesional inicial de la familia arte y artesanías","H"
"Enseñanzas de cualificación profesional inicial de la familia comercio y márketing","H"
"Enseñanzas de cualificación profesional inicial de la familia edificación y obra civil","H"
"Enseñanzas de cualificación profesional inicial de la familia electricidad y electrónica","H"
"Enseñanzas de cualificación profesional inicial de la familia energía y agua","H"
"Enseñanzas de cualificación profesional inicial de la familia fabricación mecánica","H"
"Enseñanzas de cualificación profesional inicial de la familia hostelería y turismo","H"
"Enseñanzas de cualificación profesional inicial de la familia imagen personal","H"
"Enseñanzas de cualificación profesional inicial de la familia Industrias Alimentarias","H"
"Enseñanzas de cualificación profesional inicial de la familia informática y comunicaciones","H"
"Enseñanzas de cualificación profesional inicial de la familia instalación y mantenimiento","H"
"Enseñanzas de cualificación profesional inicial de la familia madera, mueble y corcho","H"
"Enseñanzas de cualificación profesional inicial de la familia marítimo-pesquera","H"
"Enseñanzas de cualificación profesional inicial de la familia química","H"
"Enseñanzas de cualificación profesional inicial de la familia sanidad","H"
"Enseñanzas de cualificación profesional inicial de la familia seguridad y medio ambiente","H"
"Enseñanzas de cualificación profesional inicial de la familia textil, confección y piel","H"
"Enseñanzas de cualificación profesional inicial de la familia vidrio y cerámica","H"
"Enseñanzas de cualificación profesional inicial - familia servicios socioculturales y a la comunidad","H"
"Enseñanzas de cualificación profesional inicial - familia transporte y mantenimiento de vehículos","H"
"Enseñanzas Iniciales Básicas para Personas Adultas - Enseñanzas Iniciales para Personas Adultas (LOE)","G"
"Enseñanzas no regladas de Danza","H"
"Enseñanzas no regladas de Música","H"
"Equipos e Instalaciones Electrotécnicas","F"
"Equipos e Instalaciones Electrotécnicas - Ciclos Formativos de Formación Profesional de Grado Medio (LOGSE)","F"
"Equipos Electrónicos de Consumo","F"
"Equipos Electrónicos de Consumo - Ciclos Formativos de Formación Profesional de Grado Medio (LOGSE)","F"
"Escalada","H"
"Escalada - Enseñanzas Deportivas de Grado Medio (LOGSE)","H"
"Escalada - Enseñanzas Deportivas de Grado Superior (LOGSE)","H"
"Escaparatismo","H"
"Escaparatismo - Ciclos Formativos de Artes Plásticas y Diseño de Grado Superior - LOGSE","H"
"Escenografía","H"
"Escenografía - Enseñanzas Superiores de Arte Dramático - LOGSE","H"
"Escenografía  - Estudios Superiores de Arte Dramático (LOE)","H"
"Escultura","H"
"Esgrima","H"
"Esgrima - Enseñanzas Deportivas de Grado Medio (LOE)","H"
"Esgrima - Enseñanzas Deportivas de Grado Superior (LOE)","H"
"Esmaltado sobre metales","H"
"Esmaltado sobre metales - Ciclos Formativos de Artes Plásticas y Diseño de Grado Medio - LOGSE","H"
"Esmalte Artístico al fuego sobre metales","H"
"Esmalte Artístico al fuego sobre metales - Ciclos Formativos de Artes Plásticas y Diseño de Grado Superior - LOGSE","H"
"Español para extranjeros","I"
"Español para Extranjeros","I"
"Español para extranjeros - Idiomas Nivel C1 (LOE)","I"
"Español para Extranjeros - Idiomas Nivel C2 (LOE)","I"
"Español para extranjeros Nivel Avanzado","I"
"Español para extranjeros Nivel Avanzado - Idiomas Nivel Avanzado (LOE)","I"
"Español para extranjeros Nivel Básico","I"
"Español para extranjeros Nivel Básico - Idiomas Nivel Básico (LOE)","I"
"Español para extranjeros  Nivel Intermedio","I"
"Español para extranjeros  Nivel Intermedio - Idiomas Nivel Intermedio (LOE)","I"
"Espeleología","H"
"Espeleología - Enseñanzas Deportivas de Grado Medio (LOE)","H"
"Esquí Alpino","H"
"Esquí Alpino - Enseñanzas Deportivas de Grado Medio (LOGSE)","H"
"Esquí Alpino - Enseñanzas Deportivas de Grado Superior (LOGSE)","H"
"Esquí de Fondo","H"
"Esquí de Fondo - Enseñanzas Deportivas de Grado Medio (LOGSE)","H"
"Esquí de Fondo - Enseñanzas Deportivas de Grado Superior (LOGSE)","H"
"Esquí de Montaña","H"
"Esquí de Montaña - Enseñanzas Deportivas de Grado Superior (LOGSE)","H"
"Estampaciones y Tintados Artísticos","H"
"Estampaciones y Tintados Artísticos - Ciclos Formativos de Artes Plásticas y Diseño de Grado Superior - LOGSE","H"
"Estética","F"
"Estética - Ciclos Formativos de Formación Profesional de Grado Superior (LOGSE)","F"
"Estética Integral y Bienestar","F"
"Estética Integral y Bienestar - Ciclos Formativos de Formación Profesional de Grado Superior (LOE)","F"
"Estética Personal Decorativa","F"
"Estética Personal Decorativa - Ciclos Formativos de Formación Profesional de Grado Medio (LOGSE)","F"
"Estética y Belleza","F"
"Estética y Belleza - Ciclos Formativos de Formación Profesional de Grado Medio (LOE)","F"
"Estilismo de Indumentaria","H"
"Estilismo de Indumentaria - Ciclos Formativos de Artes Plásticas y Diseño de Grado Superior - LOGSE","H"
"Estilismo Tejidos de Calada","H"
"Estilismo Tejidos de Calada - Ciclos Formativos de Artes Plásticas y Diseño de Grado Superior - LOGSE","H"
"Estilismo y Dirección de Peluquería","F"
"Estilismo y Dirección de Peluquería - Ciclos Formativos de Formación Profesional de Grado Superior (LOE)","F"
"Etnomusicología","H"
"Etnomusicología - Enseñanzas de Música de Grado Superior - LOGSE","H"
"Euskera","I"
"Euskera - Idiomas Nivel C1 (LOE)","I"
"Euskera, Lengua y Cultura (Navarra)","H"
"Euskera, Lengua y Cultura (Navarra) - Lengua y Cultura Españolas","H"
"Euskera Nivel Avanzado","I"
"Euskera Nivel Avanzado - Idiomas Nivel Avanzado (LOE)","I"
"Euskera Nivel Básico","I"
"Euskera Nivel Básico - Idiomas Nivel Básico (LOE)","I"
"Euskera  Nivel Intermedio","I"
"Euskera  Nivel Intermedio - Idiomas Nivel Intermedio (LOE)","I"
"Excavaciones y Sondeos","F"
"Excavaciones y Sondeos - Ciclos Formativos de Formación Profesional de Grado Medio (LOE)","F"
"Explotación de Sistemas Informáticos","F"
"Explotación de Sistemas Informáticos - Ciclos Formativos de Formación Profesional de Grado Medio (LOGSE)","F"
"Explotaciones Agrarias Extensivas","F"
"Explotaciones Agrarias Extensivas - Ciclos Formativos de Formación Profesional de Grado Medio (LOGSE)","F"
"Explotaciones Agrícolas Intensivas","F"
"Explotaciones Agrícolas Intensivas - Ciclos Formativos de Formación Profesional de Grado Medio (LOGSE)","F"
"Explotaciones Ganaderas","F"
"Explotaciones Ganaderas - Ciclos Formativos de Formación Profesional de Grado Medio (LOGSE)","F"
"Fabricación a Medida e Instalación de Carpintería y Mueble","F"
"Fabricación a Medida e Instalación de Carpintería y Mueble - Ciclos Formativos de Formación Profesional de Grado Medio (LOGSE)","F"
"Fabricación de Productos Cerámicos","F"
"Fabricación de Productos Cerámicos - Ciclos Formativos de Formación Profesional de Grado Medio (LOE)","F"
"Fabricación de Productos Farmacéuticos y Afines","F"
"Fabricación de Productos Farmacéuticos y Afines - Ciclos Formativos de Formación Profesional de Grado Superior (LOGSE)","F"
"Fabricación Industrial de Carpintería y Mueble","F"
"Fabricación Industrial de Carpintería y Mueble - Ciclos Formativos de Formación Profesional de Grado Medio (LOGSE)","F"
"Fabricación y Ennoblecimiento de Productos Textiles","F"
"Fabricación y Ennoblecimiento de Productos Textiles - Ciclos Formativos de Formación Profesional de Grado Medio (LOE)","F"
"Fabricación y montaje","F"
"Fabricación y montaje - Ciclos Formativos de Formación Profesional Básica","F"
"Fagot","H"
"Fagot - Enseñanzas de Música de Grado Elemental - LOGSE","H"
"Fagot - Enseñanzas de Música de Grado Medio - LOGSE","H"
"Fagot - Enseñanzas de Música de Grado Superior - LOGSE","H"
"Fagot - Música Grado Elemental (LOE)","H"
"Fagot - Música Grado Profesional (LOE)","H"
"Farmacia","F"
"Farmacia - Ciclos Formativos de Formación Profesional de Grado Medio (LOGSE)","F"
"Farmacia y Parafarmacia","F"
"Farmacia y Parafarmacia - Ciclos Formativos de Formación Profesional de Grado Medio (LOE)","F"
"Finés Nivel Básico","I"
"Finés Nivel Básico - Idiomas Nivel Básico (LOE)","I"
"Finés  Nivel Intermedio","I"
"Finés  Nivel Intermedio - Idiomas Nivel Intermedio (LOE)","I"
"Flabiol i tamborí","H"
"Flabiol i Tamborí","H"
"Flabiol i Tamborí - Enseñanzas de Música de Grado Medio - LOGSE","H"
"Flabiol i tamborí - Música Grado Profesional (LOE)","H"
"Flamenco: Guitarra Flamenca","H"
"Flamenco: Guitarra Flamenca - Estudios Superiores de Música (LOE)","H"
"Flamencología","H"
"Flamencología - Enseñanzas de Música de Grado Superior - LOGSE","H"
"Flauta de pico","H"
"Flauta de Pico","H"
"Flauta de Pico - Enseñanzas de Música de Grado Elemental - LOGSE","H"
"Flauta de Pico - Enseñanzas de Música de Grado Medio - LOGSE","H"
"Flauta de Pico - Enseñanzas de Música de Grado Superior - LOGSE","H"
"Flauta de Pico - Música Grado Elemental (LOE)","H"
"Flauta de pico - Música Grado Profesional (LOE)","H"
"Flauta travesera","H"
"Flauta Travesera","H"
"Flauta Travesera - Enseñanzas de Música de Grado Elemental - LOGSE","H"
"Flauta Travesera - Enseñanzas de Música de Grado Medio - LOGSE","H"
"Flauta Travesera - Enseñanzas de Música de Grado Superior - LOGSE","H"
"Flauta Travesera - Música Grado Elemental (LOE)","H"
"Flauta travesera - Música Grado Profesional (LOE)","H"
"Floristería","H"
"Floristería - Ciclos Formativos de Artes Plásticas y Diseño de Grado Medio - LOGSE","H"
"Forja Artística","H"
"Forja Artística - Ciclos Formativos de Artes Plásticas y Diseño de Grado Medio - LOGSE","H"
"Formación para la Transición a la Vida Adulta","G"
"Fotografía","H"
"Fotografía Artística","H"
"Fotografía Artística - Ciclos Formativos de Artes Plásticas y Diseño de Grado Superior - LOGSE","H"
"Fotografía - Ciclos Formativos de Artes Plásticas y Diseño. Grado Superior (LOE)","H"
"Francés","I"
"Francés - Idiomas Nivel C1 (LOE)","I"
"Francés - Idiomas Nivel C2 (LOE)","I"
"Francés Nivel Avanzado","I"
"Francés Nivel Avanzado - Idiomas Nivel Avanzado (LOE)","I"
"Francés Nivel Básico","I"
"Francés Nivel Básico - Idiomas Nivel Básico (LOE)","I"
"Francés Nivel Intermedio","I"
"Francés Nivel Intermedio - Idiomas Nivel Intermedio (LOE)","I"
"Fundición Artística y Galvanoplastia","H"
"Fundición Artística y Galvanoplastia - Ciclos Formativos de Artes Plásticas y Diseño de Grado Medio - LOGSE","H"
"Fútbol","H"
"Fútbol - Enseñanzas Deportivas de Grado Medio (LOGSE)","H"
"Fútbol - Enseñanzas Deportivas de Grado Superior (LOGSE)","H"
"Fútbol Sala","H"
"Fútbol Sala - Enseñanzas Deportivas de Grado Medio (LOGSE)","H"
"Fútbol Sala - Enseñanzas Deportivas de Grado Superior (LOGSE)","H"
"Gaita","H"
"Gaita - Enseñanzas de Música de Grado Medio - LOGSE","H"
"Gaita - Música Grado Elemental (LOE)","H"
"Gaita - Música Grado Profesional (LOE)","H"
"Gallego Nivel Avanzado","H"
"Gallego Nivel Básico","I"
"Gallego Nivel Básico - Idiomas Nivel Básico (LOE)","I"
"Gallego  Nivel Intermedio","I"
"Gallego  Nivel Intermedio - Idiomas Nivel Intermedio (LOE)","I"
"Ganadería y Asistencia en Sanidad Animal","F"
"Ganadería y Asistencia en Sanidad Animal - Ciclos Formativos de Formación Profesional de Grado Superior (LOE)","F"
"Gestión Administrativa","F"
"Gestión Administrativa  - Ciclos Formativos de Formación Profesional de Grado Medio (LOE)","F"
"Gestión Administrativa - Ciclos Formativos de Formación Profesional de Grado Medio (LOGSE)","F"
"Gestión Comercial y Márketing","F"
"Gestión Comercial y Márketing - Ciclos Formativos de Formación Profesional de Grado Superior (LOGSE)","F"
"Gestión de Alojamientos Turísticos","F"
"Gestión de Alojamientos Turísticos - Ciclos Formativos de Formación Profesional de Grado Superior (LOE)","F"
"Gestión del Transporte","F"
"Gestión del Transporte - Ciclos Formativos de Formación Profesional de Grado Superior (LOGSE)","F"
"Gestión de Ventas y Espacios Comerciales","F"
"Gestión de Ventas y Espacios Comerciales - Ciclos Formativos de Formación Profesional de Grado Superior (LOE)","F"
"Gestión Forestal y del Medio Natural","F"
"Gestión Forestal y del Medio Natural - Ciclos Formativos de Formación Profesional de Grado Superior (LOE)","F"
"Gestión y Organización de Empresas Agropecuarias","F"
"Gestión y Organización de Empresas Agropecuarias - Ciclos Formativos de Formación Profesional de Grado Superior (LOGSE)","F"
"Gestión y Organización de Recursos Naturales y Paisajísticos","F"
"Gestión y Organización de Recursos Naturales y Paisajísticos - Ciclos Formativos de Formación Profesional de Grado Superior (LOGSE)","F"
"Grabado Calcográfico","H"
"Grabado Calcográfico - Ciclos Formativos de Artes Plásticas y Diseño de Grado Medio - LOGSE","H"
"Grabado y Técnicas de Estampación","H"
"Grabado y Técnicas de Estampación - Ciclos Formativos de Artes Plásticas y Diseño de Grado Superior - LOGSE","H"
"Gráfica Audiovisual","H"
"Gráfica Audiovisual - Ciclos Formativos de Artes Plásticas y Diseño. Grado Superior (LOE)","H"
"Gráfica Impresa","H"
"Gráfica Impresa - Ciclos Formativos de Artes Plásticas y Diseño. Grado Superior (LOE)","H"
"Gráfica Interactiva","H"
"Gráfica Interactiva - Ciclos Formativos de Artes Plásticas y Diseño. Grado Superior (LOE)","H"
"Gráfica Publicitaria","H"
"Gráfica Publicitaria - Ciclos Formativos de Artes Plásticas y Diseño de Grado Superior - LOGSE","H"
"Gráfica Publicitaria - Ciclos Formativos de Artes Plásticas y Diseño. Grado Superior (LOE)","H"
"Griego Nivel Avanzado","I"
"Griego Nivel Avanzado - Idiomas Nivel Avanzado (LOE)","I"
"Griego Nivel Básico","I"
"Griego Nivel Básico - Idiomas Nivel Básico (LOE)","I"
"Griego Nivel Intermedio","I"
"Griego Nivel Intermedio - Idiomas Nivel Intermedio (LOE)","I"
"Guía, Información y Asistencia Turísticas","F"
"Guía, Información y Asistencia Turísticas - Ciclos Formativos de Formación Profesional de Grado Superior (LOE)","F"
"Guitarra","H"
"Guitarra eléctrica","H"
"Guitarra Eléctrica","H"
"Guitarra Eléctrica - Música Grado Elemental (LOE)","H"
"Guitarra eléctrica - Música Grado Profesional (LOE)","H"
"Guitarra - Enseñanzas de Música de Grado Elemental - LOGSE","H"
"Guitarra - Enseñanzas de Música de Grado Medio - LOGSE","H"
"Guitarra - Enseñanzas de Música de Grado Superior - LOGSE","H"
"Guitarra flamenca","H"
"Guitarra Flamenca","H"
"Guitarra Flamenca - Enseñanzas de Música de Grado Superior - LOGSE","H"
"Guitarra Flamenca - Música Grado Elemental (LOE)","H"
"Guitarra flamenca - Música Grado Profesional (LOE)","H"
"Guitarra - Música Grado Elemental (LOE)","H"
"Guitarra - Música Grado Profesional (LOE)","H"
"Higiene Bucodental","F"
"Higiene Bucodental - Ciclos Formativos de Formación Profesional de Grado Superior (LOGSE)","F"
"Hípica","H"
"Hípica - Enseñanzas Deportivas de Grado Superior (LOE)","H"
"Iluminación, Captación y Tratamiento de Imagen","H"
"Iluminación, Captación y Tratamiento de Imagen  - Ciclos Formativos de Formación Profesional de Grado Superior (LOE)","F"
"Ilustración","H"
"Ilustración - Ciclos Formativos de Artes Plásticas y Diseño de Grado Superior - LOGSE","H"
"Ilustración - Ciclos Formativos de Artes Plásticas y Diseño. Grado Superior (LOE)","H"
"Imagen","F"
"Imagen - Ciclos Formativos de Formación Profesional de Grado Superior (LOGSE)","F"
"Imagen para el Diagnóstico","F"
"Imagen para el Diagnóstico - Ciclos Formativos de Formación Profesional de Grado Superior (LOGSE)","F"
"Impresión en Artes Gráficas","F"
"Impresión en Artes Gráficas - Ciclos Formativos de Formación Profesional de Grado Medio (LOGSE)","F"
"Impresión Gráfica","F"
"Impresión Gráfica - Ciclos Formativos de Formación Profesional de Grado Medio (LOE)","F"
"Industria Alimentaria","F"
"Industria Alimentaria - Ciclos Formativos de Formación Profesional de Grado Superior (LOGSE)","F"
"Industrias Alimentarias","F"
"Industrias Alimentarias - Ciclos Formativos de Formación Profesional Básica","F"
"Industrias de Proceso de Pasta y Papel","F"
"Industrias de Proceso de Pasta y Papel - Ciclos Formativos de Formación Profesional de Grado Superior (LOGSE)","F"
"Industrias de Proceso Químico","F"
"Industrias de Proceso Químico - Ciclos Formativos de Formación Profesional de Grado Superior (LOGSE)","F"
"Información y Comercialización Turísticas","F"
"Información y Comercialización Turísticas - Ciclos Formativos de Formación Profesional de Grado Superior (LOGSE)","F"
"Informática de Oficina","F"
"Informática de Oficina - Ciclos Formativos de Formación Profesional Básica","F"
"Informática y comunicaciones","F"
"Informática y comunicaciones - Ciclos Formativos de Formación Profesional Básica","F"
"Inglés","I"
"Inglés - Idiomas Nivel C1 (LOE)","I"
"Inglés - Idiomas Nivel C2 (LOE)","I"
"Inglés Nivel Avanzado","I"
"Inglés Nivel Avanzado - Idiomas Nivel Avanzado (LOE)","I"
"Inglés Nivel Básico","I"
"Inglés Nivel Básico - Idiomas Nivel Básico (LOE)","I"
"Inglés Nivel Intermedio","I"
"Inglés Nivel Intermedio - Idiomas Nivel Intermedio (LOE)","I"
"Instalaciones de Producción de Calor","F"
"Instalaciones de Producción de Calor - Ciclos Formativos de Formación Profesional de Grado Medio (LOE)","F"
"Instalaciones de Telecomunicaciones","F"
"Instalaciones de Telecomunicaciones - Ciclos Formativos de Formación Profesional de Grado Medio (LOE)","F"
"Instalaciones Eléctricas y Automáticas","F"
"Instalaciones Eléctricas y Automáticas - Ciclos Formativos de Formación Profesional de Grado Medio (LOE)","F"
"Instalaciones Electrotécnicas","F"
"Instalaciones Electrotécnicas - Ciclos Formativos de Formación Profesional de Grado Superior (LOGSE)","F"
"Instalaciones Frigoríficas y de Climatización","F"
"Instalaciones Frigoríficas y de Climatización - Ciclos Formativos de Formación Profesional de Grado Medio (LOE)","F"
"Instalación y Amueblamiento","F"
"Instalación y Amueblamiento - Ciclos Formativos de Formación Profesional de Grado Medio (LOE)","F"
"Instalación y Mantenimiento Electromecánico de Maquinaria y Conducción de Líneas","F"
"Instalación y Mantenimiento Electromecánico de Maquinaria y Conducción de Líneas - Ciclos Formativos de Formación Profesional de Grado Medio (LOGSE)","F"
"Instrumento de púa","H"
"Instrumento de púa - Música Grado Elemental (LOE)","H"
"Instrumento de púa - Música Grado Profesional (LOE)","H"
"Instrumentos de cuerda pulsada del Renacimiento y Barroco","H"
"Instrumentos de cuerda pulsada del Renacimiento y Barroco - Música Grado Elemental (LOE)","H"
"Instrumentos de cuerda pulsada del Renacimiento y Barroco - Música Grado Profesional (LOE)","H"
"Instrumentos de Cuerda Pulsada del Renacimiento y el Barroco","H"
"Instrumentos de Cuerda Pulsada del Renacimiento y el Barroco - Enseñanzas de Música de Grado Medio - LOGSE","H"
"Instrumentos de Cuerda Pulsada del Renacimiento y el Barroco - Enseñanzas de Música de Grado Superior - LOGSE","H"
"Instrumentos de la Música Antigua","H"
"Instrumentos de la Música Antigua - Enseñanzas de Música de Grado Superior - LOGSE","H"
"Instrumentos de la Música Tradicional y Popular","H"
"Instrumentos de la Música Tradicional y Popular - Enseñanzas de Música de Grado Superior - LOGSE","H"
"Instrumentos de Púa","H"
"Instrumentos de Púa - Enseñanzas de Música de Grado Elemental - LOGSE","H"
"Instrumentos de Púa - Enseñanzas de Música de Grado Medio - LOGSE","H"
"Instrumentos de Púa - Enseñanzas de Música de Grado Superior - LOGSE","H"
"Integración Social","F"
"Integración Social - Ciclos Formativos de Formación Profesional de Grado Superior (LOE)","F"
"Integración Social - Ciclos Formativos de Formación Profesional de Grado Superior (LOGSE)","F"
"Interpretación","H"
"Interpretación: Acordeón","H"
"Interpretación: Acordeón - Estudios Superiores de Música (LOE)","H"
"Interpretación: Arpa","H"
"Interpretación: Arpa - Estudios Superiores de Música (LOE)","H"
"Interpretación: Canto","H"
"Interpretación: Canto - Estudios Superiores de Música (LOE)","H"
"Interpretación: Clarinete","H"
"Interpretación: Clarinete - Estudios Superiores de Música (LOE)","H"
"Interpretación: Clave","H"
"Interpretación: Clave - Estudios Superiores de Música (LOE)","H"
"Interpretación: Contrabajo","H"
"Interpretación: Contrabajo - Estudios Superiores de Música (LOE)","H"
"Interpretación de la Lengua de Signos","F"
"Interpretación de la Lengua de Signos - Ciclos Formativos de Formación Profesional de Grado Superior (LOGSE)","F"
"Interpretación - Estudios Superiores de Arte Dramático (LOE)","H"
"Interpretación - Estudios Superiores de Música (LOE)","H"
"Interpretación: Fagot","H"
"Interpretación: Fagot - Estudios Superiores de Música (LOE)","H"
"Interpretación: Flauta de Pico","H"
"Interpretación: Flauta de Pico - Estudios Superiores de Música (LOE)","H"
"Interpretación: Flauta Travesera","H"
"Interpretación: Flauta Travesera - Estudios Superiores de Música (LOE)","H"
"Interpretación Gestual","H"
"Interpretación Gestual - Enseñanzas Superiores de Arte Dramático - LOGSE","H"
"Interpretación: Guitarra","H"
"Interpretación: Guitarra - Estudios Superiores de Música (LOE)","H"
"Interpretación: Instrumentos de Cuerda Pulsada del Renacimiento y el Barroco","H"
"Interpretación: Instrumentos de Cuerda Pulsada del Renacimiento y el Barroco - Estudios Superiores de Música (LOE)","H"
"Interpretación: Instrumentos de la Música Tradicional y Popular","H"
"Interpretación: Instrumentos de la Música Tradicional y Popular - Estudios Superiores de Música (LOE)","H"
"Interpretación: Jazz","H"
"Interpretación: Jazz - Estudios Superiores de Música (LOE)","H"
"Interpretación: Oboe","H"
"Interpretación: Oboe - Estudios Superiores de Música (LOE)","H"
"Interpretación: Órgano","H"
"Interpretación: Órgano - Estudios Superiores de Música (LOE)","H"
"Interpretación: Percusión","H"
"Interpretación: Percusión - Estudios Superiores de Música (LOE)","H"
"Interpretación: Piano","H"
"Interpretación: Piano - Estudios Superiores de Música (LOE)","H"
"Interpretación: Saxofón","H"
"Interpretación: Saxofón - Estudios Superiores de Música (LOE)","H"
"Interpretación Textual","H"
"Interpretación Textual - Enseñanzas Superiores de Arte Dramático - LOGSE","H"
"Interpretación: Trombón","H"
"Interpretación: Trombón - Estudios Superiores de Música (LOE)","H"
"Interpretación: Trompa","H"
"Interpretación: Trompa - Estudios Superiores de Música (LOE)","H"
"Interpretación: Trompeta","H"
"Interpretación: Trompeta - Estudios Superiores de Música (LOE)","H"
"Interpretación: Tuba","H"
"Interpretación: Tuba - Estudios Superiores de Música (LOE)","H"
"Interpretación: Viola","H"
"Interpretación: Viola da Gamba","H"
"Interpretación: Viola da Gamba - Estudios Superiores de Música (LOE)","H"
"Interpretación: Viola - Estudios Superiores de Música (LOE)","H"
"Interpretación: Violín","H"
"Interpretación: Violín - Estudios Superiores de Música (LOE)","H"
"Interpretación: Violoncello","H"
"Interpretación: Violoncello - Estudios Superiores de Música (LOE)","H"
"Irlandés Nivel Avanzado","I"
"Irlandés Nivel Avanzado - Idiomas Nivel Avanzado (LOE)","I"
"Irlandés Nivel Básico","I"
"Irlandés Nivel Básico - Idiomas Nivel Básico (LOE)","I"
"Irlandés Nivel Intermedio","I"
"Irlandés Nivel Intermedio - Idiomas Nivel Intermedio (LOE)","I"
"Italiano","I"
"Italiano - Idiomas Nivel C1 (LOE)","I"
"Italiano Nivel Avanzado","I"
"Italiano Nivel Avanzado - Idiomas Nivel Avanzado (LOE)","I"
"Italiano Nivel Básico","I"
"Italiano Nivel Básico - Idiomas Nivel Básico (LOE)","I"
"Italiano Nivel Intermedio","I"
"Italiano Nivel Intermedio - Idiomas Nivel Intermedio (LOE)","I"
"Japonés Nivel Avanzado","I"
"Japonés Nivel Avanzado - Idiomas Nivel Avanzado (LOE)","I"
"Japonés Nivel Básico","I"
"Japonés Nivel Básico - Idiomas Nivel Básico (LOE)","I"
"Japonés Nivel Intermedio","I"
"Japonés Nivel Intermedio - Idiomas Nivel Intermedio (LOE)","I"
"Jardín de Infancia (LGE 1970)","H"
"Jardinería","F"
"Jardinería - Ciclos Formativos de Formación Profesional de Grado Medio (LOGSE)","F"
"Jardinería y Floristería","F"
"Jardinería y Floristería - Ciclos Formativos de Formación Profesional de Grado Medio (LOE)","F"
"Jazz","H"
"Jazz - Enseñanzas de Música de Grado Superior - LOGSE","H"
"Joyería","F"
"Joyería Artística","H"
"Joyería Artística - Ciclos Formativos de Artes Plásticas y Diseño de Grado Superior - LOGSE","H"
"Joyería - Ciclos Formativos de Formación Profesional de Grado Medio (LOGSE)","F"
"Judo y Defensa Personal","H"
"Judo y Defensa Personal - Enseñanzas Deportivas de Grado Medio (LOE)","H"
"Judo y Defensa Personal - Enseñanzas Deportivas de Grado Superior (LOE)","H"
"Laboratorio","F"
"Laboratorio - Ciclos Formativos de Formación Profesional de Grado Medio (LOGSE)","F"
"Laboratorio de Análisis y de Control de Calidad","F"
"Laboratorio de Análisis y de Control de Calidad - Ciclos Formativos de Formación Profesional de Grado Superior (LOE)","F"
"Laboratorio de Diagnóstico Clínico","F"
"Laboratorio de Diagnóstico Clínico - Ciclos Formativos de Formación Profesional de Grado Superior (LOGSE)","F"
"Laboratorio de Imagen","F"
"Laboratorio de Imagen - Ciclos Formativos de Formación Profesional de Grado Medio (LOGSE)","F"
"Mantenimiento Aeromecánico","F"
"Mantenimiento Aeromecánico - Ciclos Formativos de Formación Profesional de Grado Superior (LOGSE)","F"
"Mantenimiento de Aviónica","F"
"Mantenimiento de Aviónica - Ciclos Formativos de Formación Profesional de Grado Superior (LOGSE)","F"
"Mantenimiento de Equipo Industrial","F"
"Mantenimiento de Equipo Industrial - Ciclos Formativos de Formación Profesional de Grado Superior (LOGSE)","F"
"Mantenimiento de Instalaciones Térmicas y de Fluidos","F"
"Mantenimiento de Instalaciones Térmicas y de Fluidos - Ciclos Formativos de Formación Profesional de Grado Superior (LOE)","F"
"Mantenimiento de Material Rodante Ferroviario","F"
"Mantenimiento de Material Rodante Ferroviario - Ciclos Formativos de Formación Profesional de Grado Medio (LOE)","F"
"Mantenimiento de vehículos","F"
"Mantenimiento de vehículos - Ciclos Formativos de Formación Profesional Básica","F"
"Mantenimiento Electromecánico","F"
"Mantenimiento Electromecánico - Ciclos Formativos de Formación Profesional de Grado Medio (LOE)","F"
"Mantenimiento Electrónico","F"
"Mantenimiento Electrónico - Ciclos Formativos de Formación Profesional de Grado Superior (LOE)","F"
"Mantenimiento Ferroviario","F"
"Mantenimiento Ferroviario - Ciclos Formativos de Formación Profesional de Grado Medio (LOGSE)","F"
"Mantenimiento y Control de la Maquinaria de Buques y Embarcaciones","F"
"Mantenimiento y Control de la Maquinaria de Buques y Embarcaciones - Ciclos Formativos de Formación Profesional de Grado Medio (LOE)","F"
"Marketing y Publicidad","F"
"Marketing y Publicidad - Ciclos Formativos de Formación Profesional de Grado Superior (LOE)","F"
"Matadero y Carnicería-Charcutería","H"
"Matadero y Carnicería-Charcutería - Ciclos Formativos de Formación Profesional de Grado Medio (LOGSE)","F"
"Mecanizado","F"
"Mecanizado - Ciclos Formativos de Formación Profesional de Grado Medio (LOE)","F"
"Mecanizado - Ciclos Formativos de Formación Profesional de Grado Medio (LOGSE)","F"
"Mecatrónica Industrial","H"
"Mecatrónica Industrial  - Ciclos Formativos de Formación Profesional de Grado Superior (LOE)","F"
"Media Montaña","H"
"Media Montaña - Enseñanzas Deportivas de Grado Medio (LOGSE)","H"
"Mobiliario","H"
"Mobiliario - Ciclos Formativos de Artes Plásticas y Diseño de Grado Superior - LOGSE","H"
"Moda","H"
"Modelismo de Indumentaria","H"
"Modelismo de Indumentaria - Ciclos Formativos de Artes Plásticas y Diseño de Grado Superior - LOGSE","H"
"Modelismo Industrial","H"
"Modelismo Industrial - Ciclos Formativos de Artes Plásticas y Diseño de Grado Superior - LOGSE","H"
"Modelismo y Maquetismo","H"
"Modelismo y Maquetismo - Ciclos Formativos de Artes Plásticas y Diseño de Grado Superior - LOGSE","H"
"Modelismo y Matricería Cerámica","H"
"Modelismo y Matricería Cerámica - Ciclos Formativos de Artes Plásticas y Diseño de Grado Superior - LOGSE","H"
"Modelismo y Matricería Cerámica - Ciclos Formativos de Artes Plásticas y Diseño. Grado Superior (LOE)","H"
"Moldeado y Fundición de Objetos de Orfebrería, Joyería y Bisutería","H"
"Moldeado y Fundición de Objetos de Orfebrería, Joyería y Bisutería - Ciclos Formativos de Artes Plásticas y Diseño de Grado Medio - LOGSE","H"
"Montaje y Mantenimiento de Instalaciones de Edificios y de Procesos","F"
"Montaje y Mantenimiento de Instalaciones de Edificios y de Procesos - Ciclos Formativos de Formación Profesional de Grado Superior (LOGSE)","F"
"Montaje y Mantenimiento de Instalaciones de Frio, Climatización y Producción de Calor","F"
"Montaje y Mantenimiento de Instalaciones de Frio, Climatización y Producción de Calor - Ciclos Formativos de Formación Profesional de Grado Medio (LOGSE)","F"
"Mosaicos","H"
"Mosaicos - Ciclos Formativos de Artes Plásticas y Diseño de Grado Superior - LOGSE","H"
"Musicología","H"
"Musicología - Enseñanzas de Música de Grado Superior - LOGSE","H"
"Musicología - Estudios Superiores de Música (LOE)","H"
"Musicología: Musicología","H"
"Musicología: Musicología - Estudios Superiores de Música (LOE)","H"
"Navegación, Pesca yTransporte Marítimo","F"
"Navegación, Pesca yTransporte Marítimo - Ciclos Formativos de Formación Profesional de Grado Superior (LOGSE)","F"
"Navegación y Pesca de Litoral","F"
"Navegación y Pesca de Litoral - Ciclos Formativos de Formación Profesional de Grado Medio (LOE)","F"
"Neerlandés Nivel Avanzado","I"
"Neerlandés Nivel Avanzado - Idiomas Nivel Avanzado (LOE)","I"
"Neerlandés Nivel Básico","I"
"Neerlandés Nivel Básico - Idiomas Nivel Básico (LOE)","I"
"Neerlandés Nivel Intermedio","I"
"Neerlandés Nivel Intermedio - Idiomas Nivel Intermedio (LOE)","I"
"Oboe","H"
"Oboe - Enseñanzas de Música de Grado Elemental - LOGSE","H"
"Oboe - Enseñanzas de Música de Grado Medio - LOGSE","H"
"Oboe - Enseñanzas de Música de Grado Superior - LOGSE","H"
"Oboe - Música Grado Elemental (LOE)","H"
"Oboe - Música Grado Profesional (LOE)","H"
"Obras de Albañilería","F"
"Obras de Albañilería - Ciclos Formativos de Formación Profesional de Grado Medio (LOGSE)","F"
"Obras de Hormigón","F"
"Obras de Hormigón - Ciclos Formativos de Formación Profesional de Grado Medio (LOGSE)","F"
"Obras de Interior, Decoración y Rehabilitación","F"
"Obras de Interior, Decoración y Rehabilitación - Ciclos Formativos de Formación Profesional de Grado Medio (LOE)","F"
"Operación, Control y Mantenimiento de Máquinas Marinas e Instalaciones del Buque","F"
"Operación, Control y Mantenimiento de Máquinas Marinas e Instalaciones del Buque - Ciclos Formativos de Formación Profesional de Grado Medio (LOGSE)","F"
"Operaciones de Cultivo Acuícola","F"
"Operaciones de Cultivo Acuícola - Ciclos Formativos de Formación Profesional de Grado Medio (LOGSE)","F"
"Operaciones de Ennoblecimiento Textil","F"
"Operaciones de Ennoblecimiento Textil - Ciclos Formativos de Formación Profesional de Grado Medio (LOGSE)","F"
"Operaciones de Fabricación de Productos Cerámicos","F"
"Operaciones de Fabricación de Productos Cerámicos - Ciclos Formativos de Formación Profesional de Grado Medio (LOGSE)","F"
"Operaciones de Fabricación de Productos Farmacéuticos","F"
"Operaciones de Fabricación de Productos Farmacéuticos - Ciclos Formativos de Formación Profesional de Grado Medio (LOGSE)","F"
"Operaciones de Laboratorio","F"
"Operaciones de Laboratorio - Ciclos Formativos de Formación Profesional de Grado Medio (LOE)","F"
"Operaciones de Proceso de Pasta y Papel","F"
"Operaciones de Proceso de Pasta y Papel - Ciclos Formativos de Formación Profesional de Grado Medio (LOGSE)","F"
"Operaciones de Proceso en Planta Química","F"
"Operaciones de Proceso en Planta Química - Ciclos Formativos de Formación Profesional de Grado Medio (LOGSE)","F"
"Operaciones de Transformación de Plásticos y Caucho","F"
"Operaciones de Transformación de Plásticos y Caucho - Ciclos Formativos de Formación Profesional de Grado Medio (LOGSE)","F"
"Operaciones subacuáticas e hiperbáricas","F"
"Operaciones subacuáticas e hiperbáricas - Ciclos Formativos de Formación Profesional de Grado Medio (LOE)","F"
"Operación y Mantenimiento de Maquinaria de Construcción","F"
"Operación y Mantenimiento de Maquinaria de Construcción - Ciclos Formativos de Formación Profesional de Grado Medio (LOGSE)","F"
"Optica de Anteojería","F"
"Optica de Anteojería - Ciclos Formativos de Formación Profesional de Grado Superior (LOGSE)","F"
"Orfebrería y Platería Artísticas","H"
"Orfebrería y Platería Artísticas - Ciclos Formativos de Artes Plásticas y Diseño de Grado Superior - LOGSE","H"
"Organización del Mantenimiento de Maquinaria de Buques y Embarcaciones","F"
"Organización del Mantenimiento de Maquinaria de Buques y Embarcaciones - Ciclos Formativos de Formación Profesional de Grado Superior (LOE)","F"
"Órgano","H"
"Órgano - Enseñanzas de Música de Grado Medio - LOGSE","H"
"Órgano - Enseñanzas de Música de Grado Superior - LOGSE","H"
"Órgano - Música Grado Elemental (LOE)","H"
"Órgano - Música Grado Profesional (LOE)","H"
"Ornamentación Islámica","H"
"Ornamentación Islámica - Ciclos Formativos de Artes Plásticas y Diseño de Grado Medio - LOGSE","H"
"Ortoprotésica","F"
"Ortoprotésica - Ciclos Formativos de Formación Profesional de Grado Superior (LOGSE)","F"
"Paisajismo y Medio Rural","F"
"Paisajismo y Medio Rural - Ciclos Formativos de Formación Profesional de Grado Superior (LOE)","F"
"Panadería, Repostería y Confitería","F"
"Panadería, Repostería y Confitería - Ciclos Formativos de Formación Profesional de Grado Medio (LOE)","F"
"Panificación y Repostería","F"
"Panificación y Repostería - Ciclos Formativos de Formación Profesional de Grado Medio (LOGSE)","F"
"Pastelería y Panadería","F"
"Pastelería y Panadería - Ciclos Formativos de Formación Profesional de Grado Medio (LOGSE)","F"
"Patronaje","F"
"Patronaje - Ciclos Formativos de Formación Profesional de Grado Superior (LOGSE)","F"
"Patronaje y Moda","F"
"Patronaje y Moda - Ciclos Formativos de Formación Profesional de Grado Superior (LOE)","F"
"PCPI (Sin especificar familia)","H"
"Pedagogía","H"
"Pedagogía del Acordeón","H"
"Pedagogía del Acordeón - Enseñanzas de Música de Grado Superior - LOGSE","H"
"Pedagogía de la Danza","H"
"Pedagogía de la Danza - Enseñanzas de Danza de Grado Superior - LOGSE","H"
"Pedagogía de la Danza - Estudios Superiores de Danza (LOE)","H"
"Pedagogía de la Guitarra","H"
"Pedagogía de la Guitarra - Enseñanzas de Música de Grado Superior - LOGSE","H"
"Pedagogía de la Percusión","H"
"Pedagogía de la Percusión - Enseñanzas de Música de Grado Superior - LOGSE","H"
"Pedagogía del Canto","H"
"Pedagogía del Canto - Enseñanzas de Música de Grado Superior - LOGSE","H"
"Pedagogía del Clarinete","H"
"Pedagogía del Clarinete - Enseñanzas de Música de Grado Superior - LOGSE","H"
"Pedagogía del Lenguaje y la Educación Musical","H"
"Pedagogía del Lenguaje y la Educación Musical - Enseñanzas de Música de Grado Superior - LOGSE","H"
"Pedagogía del Saxofón","H"
"Pedagogía del Saxofón - Enseñanzas de Música de Grado Superior - LOGSE","H"
"Pedagogía del Violín","H"
"Pedagogía del Violín - Enseñanzas de Música de Grado Superior - LOGSE","H"
"Pedagogía - Estudios Superiores de Música (LOE)","H"
"Peluquería","F"
"Peluquería - Ciclos Formativos de Formación Profesional de Grado Medio (LOGSE)","F"
"Peluquería,y Cosmética Capilar","F"
"Peluquería,y Cosmética Capilar - Ciclos Formativos de Formación Profesional de Grado Medio (LOE)","F"
"Peluquería y estética","F"
"Peluquería y estética - Ciclos Formativos de Formación Profesional Básica","F"
"Percusión","H"
"Percusión - Enseñanzas de Música de Grado Elemental - LOGSE","H"
"Percusión - Enseñanzas de Música de Grado Medio - LOGSE","H"
"Percusión - Enseñanzas de Música de Grado Superior - LOGSE","H"
"Percusión - Música Grado Elemental (LOE)","H"
"Percusión - Música Grado Profesional (LOE)","H"
"Pesca y Transporte Marítimo","F"
"Pesca y Transporte Marítimo - Ciclos Formativos de Formación Profesional de Grado Medio (LOGSE)","F"
"Piano","H"
"Piano - Enseñanzas de Música de Grado Elemental - LOGSE","H"
"Piano - Enseñanzas de Música de Grado Medio - LOGSE","H"
"Piano - Enseñanzas de Música de Grado Superior - LOGSE","H"
"Piano - Música Grado Elemental (LOE)","H"
"Piano - Música Grado Profesional (LOE)","H"
"Pintura","H"
"Pintura sobre vidrio","H"
"Pintura sobre vidrio - Ciclos Formativos de Artes Plásticas y Diseño de Grado Medio - LOGSE","H"
"Planta Química","F"
"Planta Química - Ciclos Formativos de Formación Profesional de Grado Medio (LOE)","F"
"Plásticos y Caucho","F"
"Plásticos y Caucho - Ciclos Formativos de Formación Profesional de Grado Superior (LOGSE)","F"
"Portugués","I"
"Portugués - Idiomas Nivel C1 (LOE)","I"
"Portugués Nivel Avanzado","I"
"Portugués Nivel Avanzado - Idiomas Nivel Avanzado (LOE)","I"
"Portugués Nivel Básico","I"
"Portugués Nivel Básico - Idiomas Nivel Básico (LOE)","I"
"Portugués Nivel Intermedio","I"
"Portugués Nivel Intermedio - Idiomas Nivel Intermedio (LOE)","I"
"Preimpresión Digital","F"
"Preimpresión Digital - Ciclos Formativos de Formación Profesional de Grado Medio (LOE)","F"
"Preimpresión en Artes Gráficas","F"
"Preimpresión en Artes Gráficas - Ciclos Formativos de Formación Profesional de Grado Medio (LOGSE)","F"
"Preparación para la Prueba de Acceso a la Universidad para Mayores de 25 años","H"
"Preparación para la Prueba de Acceso a la Universidad para mayores de 45 años","H"
"Preparación para la prueba libre de Bachillerato","E"
"Preparación para la prueba libre de los Ciclos Formativos de F.P. de Grado Medio","F"
"Preparación para la prueba libre de los Ciclos Formativos de F.P. de Grado Superior","F"
"Preparación para obtener directamente el título de Graduado en ESO","G"
"Preparación para obtener directamente el título de Graduado en ESO - Educación Secundaria para Personas Adultas (LOE)","G"
"Prevención de Riesgos Profesionales","F"
"Prevención de Riesgos Profesionales - Ciclos Formativos de Formación Profesional de Grado Superior (LOGSE)","F"
"Procedimientos de Joyería Artística","H"
"Procedimientos de Joyería Artística - Ciclos Formativos de Artes Plásticas y Diseño de Grado Medio - LOGSE","H"
"Procedimientos de Orfebrería y Platería Artísticas","H"
"Procedimientos de Orfebrería y Platería Artísticas - Ciclos Formativos de Artes Plásticas y Diseño de Grado Medio - LOGSE","H"
"Procesos de Ennoblecimiento Textil","F"
"Procesos de Ennoblecimiento Textil - Ciclos Formativos de Formación Profesional de Grado Superior (LOGSE)","F"
"Procesos Textiles de Hilatura y Tejeduría de Calada","F"
"Procesos Textiles de Hilatura y Tejeduría de Calada - Ciclos Formativos de Formación Profesional de Grado Superior (LOGSE)","F"
"Procesos Textiles de Tejeduría de Punto","F"
"Procesos Textiles de Tejeduría de Punto - Ciclos Formativos de Formación Profesional de Grado Superior (LOGSE)","F"
"Procesos y Calidad en la Industria Alimentaria","F"
"Procesos y Calidad en la Industria Alimentaria - Ciclos Formativos de Formación Profesional de Grado Superior (LOE)","F"
"Producción Acuícola","F"
"Producción Acuícola - Ciclos Formativos de Formación Profesional de Grado Superior (LOGSE)","F"
"Producción Agroecológica","F"
"Producción Agroecológica - Ciclos Formativos de Formación Profesional de Grado Medio (LOE)","F"
"Producción Agropecuaria","F"
"Producción Agropecuaria - Ciclos Formativos de Formación Profesional de Grado Medio (LOE)","F"
"Producción de Audiovisuales, Radio y Espectáculos","F"
"Producción de Audiovisuales, Radio y Espectáculos - Ciclos Formativos de Formación Profesional de Grado Superior (LOGSE)","F"
"Producción de Audiovisuales y Espectáculos","H"
"Producción de Audiovisuales y Espectáculos  - Ciclos Formativos de Formación Profesional de Grado Superior (LOE)","F"
"Producción de Hilatura y Tejeduría de Calada","F"
"Producción de Hilatura y Tejeduría de Calada - Ciclos Formativos de Formación Profesional de Grado Medio (LOGSE)","F"
"Producción de Madera y Mueble","F"
"Producción de Madera y Mueble - Ciclos Formativos de Formación Profesional de Grado Superior (LOGSE)","F"
"Producción de Tejidos de Punto","F"
"Producción de Tejidos de Punto - Ciclos Formativos de Formación Profesional de Grado Medio (LOGSE)","F"
"Producción en Industrias de Artes Gráficas","F"
"Producción en Industrias de Artes Gráficas - Ciclos Formativos de Formación Profesional de Grado Superior (LOGSE)","F"
"Producción por Fundición y Pulvimetalurgia","F"
"Producción por Fundición y Pulvimetalurgia - Ciclos Formativos de Formación Profesional de Grado Superior (LOGSE)","F"
"Producción por Mecanizado","F"
"Producción por Mecanizado - Ciclos Formativos de Formación Profesional de Grado Superior (LOGSE)","F"
"Producción y Gestión","H"
"Producción y Gestión - Estudios Superiores de Música (LOE)","H"
"Programación de la Producción en Fabricación Mecánica","F"
"Programación de la Producción en Fabricación Mecánica - Ciclos Formativos de Formación Profesional de Grado Superior (LOE)","F"
"Programación de la Producción en Moldeo de Metales y Polímeros","F"
"Programación de la Producción en Moldeo de Metales y Polímeros - Ciclos Formativos de Formación Profesional de Grado Superior (LOE)","F"
"Promoción de Igualdad de Género","F"
"Promoción de Igualdad de Género - Ciclos Formativos de Formación Profesional de Grado Superior (LOE)","F"
"Prótesis Dentales","F"
"Prótesis Dentales - Ciclos Formativos de Formación Profesional de Grado Superior (LOE)","F"
"Prótesis Dentales - Ciclos Formativos de Formación Profesional de Grado Superior (LOGSE)","F"
"Proyectos de Edificación","F"
"Proyectos de Edificación - Ciclos Formativos de Formación Profesional de Grado Superior (LOE)","F"
"Proyectos de Obra Civil","F"
"Proyectos de Obra Civil - Ciclos Formativos de Formación Profesional de Grado Superior (LOE)","F"
"Proyectos y Dirección de Obras de Decoración","H"
"Proyectos y Dirección de Obras de Decoración - Ciclos Formativos de Artes Plásticas y Diseño de Grado Superior - LOGSE","H"
"Prueba de acceso a Ciclos Formativos de F.P. de Grado Medio (LOE)","F"
"Prueba de acceso a Ciclos Formativos de F.P. de Grado Superior (LOE)","F"
"Química Ambiental","F"
"Química Ambiental - Ciclos Formativos de Formación Profesional de Grado Superior (LOGSE)","F"
"Química Industrial","F"
"Química Industrial - Ciclos Formativos de Formación Profesional de Grado Superior (LOE)","F"
"Radioterapia","F"
"Radioterapia - Ciclos Formativos de Formación Profesional de Grado Superior (LOGSE)","F"
"Realización de Audiovisuales y Espectáculos","F"
"Realización de Audiovisuales y Espectáculos - Ciclos Formativos de Formación Profesional de Grado Superior (LOGSE)","F"
"Realización de Proyectos de Audiovisuales y Espectáculos","F"
"Realización de Proyectos de Audiovisuales y Espectáculos - Ciclos Formativos de Formación Profesional de Grado Superior (LOE)","F"
"Realización y Planes de Obra","F"
"Realización y Planes de Obra - Ciclos Formativos de Formación Profesional de Grado Superior (LOGSE)","F"
"Recubrimientos cerámicos","H"
"Recubrimientos cerámicos - Ciclos Formativos de Artes Plásticas y Diseño. Grado Superior (LOE)","H"
"Reforma y mantenimiento de edificios","F"
"Reforma y mantenimiento de edificios - Ciclos Formativos de Formación Profesional Básica","F"
"Restauración","F"
"Restauración - Ciclos Formativos de Formación Profesional de Grado Superior (LOGSE)","F"
"Revestimientos Murales","H"
"Revestimientos Murales - Ciclos Formativos de Artes Plásticas y Diseño de Grado Medio - LOGSE","H"
"Rumano Nivel Básico","I"
"Rumano Nivel Básico - Idiomas Nivel Básico (LOE)","I"
"Rumano  Nivel Intermedio","I"
"Rumano  Nivel Intermedio - Idiomas Nivel Intermedio (LOE)","I"
"Ruso","I"
"Ruso - Idiomas Nivel C1 (LOE)","I"
"Ruso Nivel Avanzado","I"
"Ruso Nivel Avanzado - Idiomas Nivel Avanzado (LOE)","I"
"Ruso Nivel Básico","I"
"Ruso Nivel Básico - Idiomas Nivel Básico (LOE)","I"
"Ruso  Nivel Intermedio","I"
"Ruso  Nivel Intermedio - Idiomas Nivel Intermedio (LOE)","I"
"Salud Ambiental","F"
"Salud Ambiental - Ciclos Formativos de Formación Profesional de Grado Superior (LOGSE)","F"
"Salvamento y Socorrismo","H"
"Salvamento y Socorrismo - Enseñanzas Deportivas de Grado Medio (LOE)","H"
"Salvamento y Socorrismo - Enseñanzas Deportivas de Grado Superior (LOE)","H"
"Saxofón","H"
"Saxofón - Enseñanzas de Música de Grado Elemental - LOGSE","H"
"Saxofón - Enseñanzas de Música de Grado Medio - LOGSE","H"
"Saxofón - Enseñanzas de Música de Grado Superior - LOGSE","H"
"Saxofón - Música Grado Elemental (LOE)","H"
"Saxofón - Música Grado Profesional (LOE)","H"
"Secretariado","F"
"Secretariado - Ciclos Formativos de Formación Profesional de Grado Superior (LOGSE)","F"
"Serigrafía Artística","H"
"Serigrafía Artística - Ciclos Formativos de Artes Plásticas y Diseño de Grado Medio - LOGSE","H"
"Servicios administrativos","F"
"Servicios administrativos - Ciclos Formativos de Formación Profesional Básica","F"
"Servicios al Consumidor","F"
"Servicios al Consumidor - Ciclos Formativos de Formación Profesional de Grado Superior (LOGSE)","F"
"Servicios comerciales","F"
"Servicios comerciales - Ciclos Formativos de Formación Profesional Básica","F"
"Servicios de Restaurante y Bar","F"
"Servicios de Restaurante y Bar - Ciclos Formativos de Formación Profesional de Grado Medio (LOGSE)","F"
"Servicios en Restauración","F"
"Servicios en Restauración - Ciclos Formativos de Formación Profesional de Grado Medio (LOE)","F"
"Sistemas de Regulación y Control Automáticos","F"
"Sistemas de Regulación y Control Automáticos - Ciclos Formativos de Formación Profesional de Grado Superior (LOGSE)","F"
"Sistemas de Telecomunicación e Informáticos","F"
"Sistemas de Telecomunicación e Informáticos - Ciclos Formativos de Formación Profesional de Grado Superior (LOGSE)","F"
"Sistemas de Telecomunicaciones e Informáticos","F"
"Sistemas de Telecomunicaciones e Informáticos - Ciclos Formativos de Formación Profesional de Grado Superior (LOE)","F"
"Sistemas Electrotécnicos y Automatizados","F"
"Sistemas Electrotécnicos y Automatizados - Ciclos Formativos de Formación Profesional de Grado Superior (LOE)","F"
"Sistemas Microinformáticos y Redes","F"
"Sistemas Microinformáticos y Redes - Ciclos Formativos de Formación Profesional de Grado Medio (LOE)","F"
"Snowboard","H"
"Snowboard - Enseñanzas Deportivas de Grado Medio (LOGSE)","H"
"Snowboard - Enseñanzas Deportivas de Grado Superior (LOGSE)","H"
"Soldadura y Calderería","F"
"Soldadura y Calderería - Ciclos Formativos de Formación Profesional de Grado Medio (LOE)","F"
"Soldadura y Calderería - Ciclos Formativos de Formación Profesional de Grado Medio (LOGSE)","F"
"Sombrerería","H"
"Sombrerería - Ciclos Formativos de Artes Plásticas y Diseño de Grado Medio - LOGSE","H"
"Sonido","F"
"Sonido - Ciclos Formativos de Formación Profesional de Grado Superior (LOGSE)","F"
"Sonido para Audiovisuales y Espectáculos","F"
"Sonido para Audiovisuales y Espectáculos - Ciclos Formativos de Formación Profesional de Grado Superior (LOE)","F"
"Sonología","H"
"Sonología - Estudios Superiores de Música (LOE)","H"
"Sueco Nivel Básico","I"
"Sueco Nivel Básico - Idiomas Nivel Básico (LOE)","I"
"Sueco  Nivel Intermedio","I"
"Sueco  Nivel Intermedio - Idiomas Nivel Intermedio (LOE)","I"
"Supervisión y Control de Máquinas Marinas e Instalaciones del Buque","F"
"Supervisión y Control de Máquinas Marinas e Instalaciones del Buque - Ciclos Formativos de Formación Profesional de Grado Superior (LOGSE)","F"
"Talla Artística en Madera","H"
"Talla Artística en Madera - Ciclos Formativos de Artes Plásticas y Diseño de Grado Medio - LOGSE","H"
"Talla Artística en Piedra","H"
"Talla Artística en Piedra - Ciclos Formativos de Artes Plásticas y Diseño de Grado Medio - LOGSE","H"
"Tapicería y cortinaje","F"
"Tapicería y cortinaje - Ciclos Formativos de Formación Profesional Básica","F"
"Tapices y Alfombras","H"
"Tapices y Alfombras - Ciclos Formativos de Artes Plásticas y Diseño de Grado Medio - LOGSE","H"
"Tejeduría en Bajo Lizo","H"
"Tejeduría en Bajo Lizo - Ciclos Formativos de Artes Plásticas y Diseño de Grado Medio - LOGSE","H"
"Tenora","H"
"Tenora - Enseñanzas de Música de Grado Medio - LOGSE","H"
"Tenora - Música Grado Profesional (LOE)","H"
"Textiles","H"
"Tible","H"
"Tible - Enseñanzas de Música de Grado Medio - LOGSE","H"
"Tible - Música Grado Profesional (LOE)","H"
"Trabajos Forestales y de Conservación del Medio Natural","F"
"Trabajos Forestales y de Conservación del Medio Natural - Ciclos Formativos de Formación Profesional de Grado Medio (LOGSE)","F"
"Transformación de Madera y Corcho","F"
"Transformación de Madera y Corcho - Ciclos Formativos de Formación Profesional de Grado Medio (LOGSE)","F"
"Transporte Marítimo y Pesca de Altura","F"
"Transporte Marítimo y Pesca de Altura - Ciclos Formativos de Formación Profesional de Grado Superior (LOE)","F"
"Transporte y Logística","F"
"Transporte y Logística - Ciclos Formativos de Formación Profesional de Grado Superior (LOE)","F"
"Tratamientos Superficiales y Térmicos","F"
"Tratamientos Superficiales y Térmicos - Ciclos Formativos de Formación Profesional de Grado Medio (LOGSE)","F"
"Trombón","H"
"Trombón - Enseñanzas de Música de Grado Elemental - LOGSE","H"
"Trombón - Enseñanzas de Música de Grado Medio - LOGSE","H"
"Trombón - Enseñanzas de Música de Grado Superior - LOGSE","H"
"Trombón - Música Grado Elemental (LOE)","H"
"Trombón - Música Grado Profesional (LOE)","H"
"Trompa","H"
"Trompa - Enseñanzas de Música de Grado Elemental - LOGSE","H"
"Trompa - Enseñanzas de Música de Grado Medio - LOGSE","H"
"Trompa - Enseñanzas de Música de Grado Superior - LOGSE","H"
"Trompa - Música Grado Elemental (LOE)","H"
"Trompa - Música Grado Profesional (LOE)","H"
"Trompeta","H"
"Trompeta - Enseñanzas de Música de Grado Elemental - LOGSE","H"
"Trompeta - Enseñanzas de Música de Grado Medio - LOGSE","H"
"Trompeta - Enseñanzas de Música de Grado Superior - LOGSE","H"
"Trompeta - Música Grado Elemental (LOE)","H"
"Trompeta - Música Grado Profesional (LOE)","H"
"Tuba","H"
"Tuba - Enseñanzas de Música de Grado Elemental - LOGSE","H"
"Tuba - Enseñanzas de Música de Grado Medio - LOGSE","H"
"Tuba - Enseñanzas de Música de Grado Superior - LOGSE","H"
"Tuba - Música Grado Elemental (LOE)","H"
"Tuba - Música Grado Profesional (LOE)","H"
"Txistu","H"
"Txistu - Enseñanzas de Música de Grado Elemental - LOGSE","H"
"Txistu - Enseñanzas de Música de Grado Medio - LOGSE","H"
"Txistu - Música Grado Elemental (LOE)","H"
"Txistu - Música Grado Profesional (LOE)","H"
"Vaciado y Moldeado Artísticos","H"
"Vaciado y Moldeado Artísticos - Ciclos Formativos de Artes Plásticas y Diseño de Grado Medio - LOGSE","H"
"Valenciano Nivel Avanzado","I"
"Valenciano Nivel Avanzado - Idiomas Nivel Avanzado (LOE)","I"
"Valenciano Nivel Básico","I"
"Valenciano Nivel Básico - Idiomas Nivel Básico (LOE)","I"
"Valenciano  Nivel Intermedio","I"
"Valenciano  Nivel Intermedio - Idiomas Nivel Intermedio (LOE)","I"
"Vela con aparejo fijo","H"
"Vela con aparejo fijo - Enseñanzas Deportivas de Grado Medio (LOE)","H"
"Vela con aparejo fijo - Enseñanzas Deportivas de Grado Superior (LOE)","H"
"Vela con aparejo libre","H"
"Vela con aparejo libre - Enseñanzas Deportivas de Grado Medio (LOE)","H"
"Vela con aparejo libre - Enseñanzas Deportivas de Grado Superior (LOE)","H"
"Vestuario a Medida y de Espectáculos","H"
"Vestuario a Medida y de Espectáculos  - Ciclos Formativos de Formación Profesional de Grado Superior (LOE)","F"
"Vídeo Disc-jockey y Sonido","H"
"Vídeo Disc-jockey y Sonido - Ciclos Formativos de Formación Profesional de Grado Medio (LOE)","F"
"Vidrieras Artísticas","H"
"Vidrieras Artísticas - Ciclos Formativos de Artes Plásticas y Diseño de Grado Superior - LOGSE","H"
"Vidriería y alfarería","F"
"Vidriería y alfarería - Ciclos Formativos de Formación Profesional Básica","F"
"Vidrio","H"
"Vidrio - Estudios Superiores de Artes Plásticas y Diseño - LOGSE","H"
"Viola","H"
"Viola da gamba","H"
"Viola da Gamba","H"
"Viola da Gamba - Enseñanzas de Música de Grado Medio - LOGSE","H"
"Viola da Gamba - Enseñanzas de Música de Grado Superior - LOGSE","H"
"Viola da Gamba - Música Grado Elemental (LOE)","H"
"Viola da gamba - Música Grado Profesional (LOE)","H"
"Viola - Enseñanzas de Música de Grado Elemental - LOGSE","H"
"Viola - Enseñanzas de Música de Grado Medio - LOGSE","H"
"Viola - Enseñanzas de Música de Grado Superior - LOGSE","H"
"Viola - Música Grado Elemental (LOE)","H"
"Viola - Música Grado Profesional (LOE)","H"
"Violín","H"
"Violín - Enseñanzas de Música de Grado Elemental - LOGSE","H"
"Violín - Enseñanzas de Música de Grado Medio - LOGSE","H"
"Violín - Enseñanzas de Música de Grado Superior - LOGSE","H"
"Violín - Música Grado Elemental (LOE)","H"
"Violín - Música Grado Profesional (LOE)","H"
"Violoncello","H"
"Violoncello - Enseñanzas de Música de Grado Elemental - LOGSE","H"
"Violoncello - Enseñanzas de Música de Grado Medio - LOGSE","H"
"Violoncello - Enseñanzas de Música de Grado Superior - LOGSE","H"
"Violonchello","H"
"Violonchello - Música Grado Profesional (LOE)","H"
"Violonchelo","H"
"Violonchelo - Música Grado Elemental (LOE)","H"
"Vitivinicultura","F"
"Vitivinicultura - Ciclos Formativos de Formación Profesional de Grado Superior (LOE)","F"
